4.37,2.97,2.76,160,30.5,47,79.9,1963,12.3,16.7,14.3
20.4,16.8,21.5,13,3.85,3.75,14.9,346,14.3,29.7,36.5
20,26.7,18.6,19.6,18.4,9.65,11.5,372,27.1,81.3,139
3.34,9.06,32.2,179,40.7,33.1,65.5,1252,11.9,39.6,58.8
40.7,22.7,64.9,491,119,123,186,1407,34,88.2,109
26.4,18.4,6.98,8.43,17.3,38.2,59.4,483,10.6,24.4,58.8
26.4,18.6,6.21,126,5.62,4.45,11.8,453,27.9,55.2,99.1
28.1,36.5,5.62,313,62.6,85.1,154,1963,37.9,74.3,115
66.7,63.2,2.94,153,29.7,50,84.3,1596,15,26.9,73
112,65.5,16.4,13.2,26.7,35.9,52.3,1197,9.06,21.9,43.3
27.9,25.9,7.84,12.1,9.39,22.7,44.9,466,26.9,61,94.7
68.5,66.1,23.1,32.5,27.4,79.9,143,1114,61,223,302
16,22.9,6.79,19.8,6.32,75,205,3191,34.3,80.6,79.1
20.5,13.1,9.56,77,15.1,10.2,26.4,638,52.8,135,229
56.7,37.9,25,25.7,4.33,8.58,22.3,241,23.3,51.4,98.2
26.9,15.8,41.4,355,63.8,24.4,61,1310,12.4,20.2,27.1
202,114,5.42,16.8,16.3,42.2,80.6,1334,8.82,25,53.8
111,69.2,1.39,102,27.9,6.32,18.4,1407,11.9,26.7,62.6
79.9,67.3,3.49,6.67,14.2,34.6,87.4,791,31.3,92.2,155
82.8,74.3,45.3,168,42.9,6.26,20.2,750,37.9,89,164
36.2,22.3,4.49,72.3,11.2,33.7,60.4,1670,14.7,30.2,36.8
28.1,35.2,6.92,1.96,14.1,96.5,183,2091,32.8,98.2,170
38.9,13.2,11.7,31.1,37.5,2.39,12.1,866,13.8,20.9,30.5
35.9,30.5,7.77,2.27,18.3,20.9,82,1877,8.74,25.7,50.5
54.2,37.2,8.58,18.9,13,86.6,147,2054,10.7,10.8,38.2
11.3,17.6,32.2,414,98.2,54.2,127,3619,13.8,62.1,58.3
108,96.5,31.6,109,68.5,38.9,77.7,1640,16,43.7,50
28.1,15.4,2.13,22.7,16.5,8.28,25.5,615,14.2,43.7,34.9
44.5,43.3,21.9,403,89,37.5,82,1946,12.4,23.7,50
22.3,22.7,21.5,24.6,13.6,8.58,7.17,100,8.58,33.4,54.2
36.2,19.6,3.28,114,21.1,16.5,57.3,1009,23.3,67.3,132
29.4,21.3,9.31,78.4,26.2,38.5,56.7,982,8.9,17.3,29.4
87.4,62.6,48.3,244,85.1,33.4,52.3,750,42.2,82.8,69.2
49.6,47,7.84,16.7,10.9,71.7,136,1104,18.3,49.1,50.9
35.9,28.4,11.2,15.7,7.1,2.17,26.7,184,12,22.7,37.2
97.3,72.3,5.23,17.2,4.96,50,91.4,2642,7.57,26.9,33.7
31.6,21.5,6.98,11.9,8.28,93.1,189,1894,11.8,31.1,65.5
103,67.3,11.9,211,52.3,12.1,32.2,621,16.4,29.2,36.2
18.4,16.5,8.74,437,62.1,8.51,18.8,400,9.22,25.9,34.3
28.9,22.5,3.89,269,25.9,10.8,51.9,269,13.3,29.4,38.5
36.2,12.6,16.7,400,95.6,13.8,29.2,698,9.31,37.2,31.9
24.6,17.9,1.93,189,10.7,63.8,127,1540,22.9,61,98.2
204,188,6.67,131,38.5,11,20.9,453,61.5,157,267
142,81.3,13.9,392,73.7,117,202,2072,10.8,20,30.2
29.7,18.8,9.56,209,21.5,47.8,92.2,1999,15.4,38.2,40.7
31.9,21.7,36.5,355,129,25,40,542,66.1,146,225
64.4,64.9,9.82,153,38.5,16.8,37.5,1499,28.9,47.4,57.8
25.7,4.61,51.9,372,77.7,9.39,23.7,514,13.6,35.2,81.3
42.9,29.4,18.8,18.9,13.5,11.2,23.9,1104,16.8,26.7,57.8
15.3,17.6,27.4,229,14.6,80.6,133,2943,21.5,26.7,41.8
24.6,26.2,37.9,55.7,5.78,44.5,55.7,667,15.5,46.1,51.4
17.3,12.5,4.74,163,22.3,17,30.5,528,13.6,22.5,27.4
84.3,71,3.89,74.3,6.85,35.5,77.7,1472,16.5,53.8,66.7
34.9,35.5,104,806,91.4,75.7,110,1747,14.2,38.9,63.8
55.7,38.5,2.94,8.51,1.21,28.1,51.9,717,40.7,95.6,165
35.9,24.8,26.2,29.7,16.5,6.92,18.1,667,12.4,28.9,38.9
13.7,10.5,8.06,7.7,5,28.6,54.7,1499,11.7,23.9,35.2
37.5,17.3,8.74,14.6,8.9,9.31,43.3,445,7.23,37.9,49.1
39.2,30,19.1,48.7,26.2,46.6,72.3,1370,8.2,23.7,21.1
67.3,55.2,8.13,70.4,12.4,21.3,41,343,8.35,26.4,32.5
23.1,14.2,4,12.7,5.67,47.4,106,1459,16.8,36.8,43.7
28.6,16.7,13.5,422,85.8,20.5,34.6,621,12.1,28.1,32.8
25.5,9.82,3.65,297,56.7,16.4,28.1,632,15.4,25.7,42.9
7.3,7.57,8.98,340,66.7,54.2,88.2,1176,16.1,19.1,43.7
176,292,3.52,97.3,8.58,37.9,61,1762,9.65,16.1,41.4
35.5,27.6,28.9,39.2,15.1,40.3,65.5,1911,11.9,32.5,18.6
27.9,22.9,6.1,93.9,27.4,13.7,29.4,939,8.9,36.2,19.1
53.8,46.6,1,410,56.2,16.4,94.7,2091,16.7,20,51.9
150,89,3.82,181,26.4,21.9,35.5,743,13.1,33.4,34
38.2,25.3,9.47,5.99,4.14,67.3,129,3652,12.6,41.4,25.5
19.5,25.5,13.5,11.7,15.8,9.65,27.1,313,12.9,35.9,43.3
29.4,24.6,26.9,18.9,19.8,27.4,52.8,698,13.1,28.6,38.9
53.3,26.4,8.98,59.4,9.56,53.8,73,1197,16.8,31.1,31.3
37.9,28.4,34.6,61,28.4,3.62,16.5,365,10,12.2,51.9
108,81.3,24.8,389,70.4,48.3,73.7,1794,18.3,31.6,38.2
37.9,29.7,18.3,32.2,14.2,8.66,37.5,213,7.57,28.6,31.6
111,136,34.9,28.4,17,17.9,22.1,599,6.1,17.8,42.2
94.7,123,4.41,461,61,100,136,1322,7.3,28.4,34.3
28.9,21.1,10,7.64,6.15,69.8,118,2207,12.6,48.7,50
47.8,22.3,7.04,10.2,13.1,54.7,179,2207,13.2,36.2,59.4
32.2,34.6,12.7,132,11.2,37.2,87.4,1715,44.9,107,124
9.82,13.8,15.3,6.1,30.8,20.7,37.5,594,11.5,25.3,49.1
19.6,19.3,32.2,491,136,20,33.4,939,8.2,26.7,42.2
29.2,22.5,9.56,13.6,4.87,139,186,491,10.9,20.2,40
29.7,25.7,19.6,16.4,15.8,13.3,28.6,1472,12.5,34,41
22.3,11.8,14.1,5.73,2.17,39.2,66.1,1928,11.8,28.6,26.7
55.7,43.3,8.28,55.2,8.74,68.5,120,3191,18.3,37.2,54.2
15.1,20.4,26.7,27.4,11.1,28.1,45.7,322,9.47,24.8,20
31.1,18.3,7.99,12.6,5.09,9.65,22.7,542,13,27.1,39.2
47,45.7,13.3,16.8,4.96,22.7,39.6,914,11.4,21.9,19.8
16.5,26.9,24.4,23.9,4.1,12,31.3,685,9.31,14.2,50.5
59.9,33.4,14.2,12.4,2.19,46.1,79.9,1446,12.3,29.4,28.1
34,32.2,1.47,145,25.7,49.1,68.5,890,3.08,93.1,3.59
93.1,110,9.73,368,63.8,12.5,50,947,14.2,65.5,89
60.4,55.2,15.4,21.1,22.3,22.9,53.3,1700,39.2,73.7,101
102,71,1,109,18.3,48.7,72.3,1000,16.3,44.9,67.3
31.1,30,8.98,41.4,4.53,29.7,63.2,820,11.4,27.1,36.2
90.6,87.4,17.6,22.9,17.2,25.9,40.3,578,9.39,25.5,20.7
23.9,16.4,13.3,15.8,7.23,28.6,57.8,661,9.31,36.2,21.5
32.5,11.7,3.43,253,31.1,9.91,51.4,491,12.5,37.9,51.9
56.2,42.6,26.7,28.4,25,112,231,4411,13.7,19.1,55.7
31.6,24.8,8.9,215,42.2,42.6,75.7,2091,18.6,38.5,48.7
79.1,41.4,48.7,89,21.3,18.3,31.1,372,11.2,15,36.2
24.6,16.7,2.46,262,10.3,29.4,46.6,523,10.2,23.9,40
40.3,44.5,6.67,10.4,8.58,75.7,124,1526,12.9,23.9,38.5
42.2,21.7,5.33,13.1,4.78,22.7,33.1,1263,11.3,36.5,44.9
4.29,7.7,11.7,89,12,42.6,81.3,3786,15.1,27.6,27.4
57.3,37.5,71,223,98.2,276,578,8660,16.5,28.6,43.3
32.5,20.5,17.8,217,43.7,9.06,12.4,200,13.1,28.6,24.6
39.6,20,4.41,123,7.43,16,28.1,523,19.6,38.9,48.3
25.9,20.2,2.15,165,21.5,29.7,43.7,1000,16.1,37.5,53.3
30,30.2,13.9,13.1,10,54.2,101,1395,15.4,34.3,33.1
42.6,18.6,4.78,87.4,7.17,39.6,63.2,509,12.7,20.7,31.6
28.9,25.5,20.9,20.7,10,29.4,61,906,13.8,42.9,72.3
221,151,10.2,165,62.1,11,21.9,229,36.8,78.4,237
5.05,12,1,322,57.8,15.3,37.5,2167,56.7,73,12.9
61,36.2,10.9,5.23,5.83,52.3,82,764,13.1,37.2,36.8
29.2,25.9,7.99,8.58,1,25.7,49.1,610,16,38.2,55.7
44.9,24.4,7.23,54.2,10,58.3,73.7,922,12,25,46.6
20.7,17.9,7.1,5,1.2,63.2,110,1407,7.64,25.7,29.4
123,136,11.4,255,54.2,9.65,28.6,890,18.4,64.9,82
36.8,37.2,7.99,8.43,11.7,17.5,33.1,474,15,24.6,25.3
109,73.7,26.4,23.1,17.9,14.2,28.9,723,14.1,32.2,26.9
88.2,59.9,19.3,158,75.7,139,231,2288,16.4,39.2,35.9
29.2,17.2,3.31,143,25.3,24.1,37.2,828,36.8,82.8,107
63.8,37.5,12.3,14.7,12.4,31.1,52.8,567,8.51,19.3,59.4
28.1,33.1,5.19,21.5,1.01,8.2,17.5,433,24.6,51.4,110
11.4,12.7,15.1,235,61.5,3.37,12.9,573,14.1,24.6,21.9
35.2,34.6,8.74,7.99,9.65,3.34,13.7,164,21.3,31.9,47.4
38.2,34.6,12,12.1,13.3,75.7,119,1075,15.7,33.4,22.9
95.6,62.6,9.06,11.3,8.9,45.3,139,3652,18.1,22.9,28.4
49.6,34.3,1.78,9.56,1,48.3,88.2,1322,15.8,37.9,40.3
31.9,26.7,3.22,313,31.9,55.2,109,1540,7.1,33.7,32.5
32.5,27.9,4.1,40.3,11.7,9.91,22.5,615,20.7,42.2,90.6
31.6,23.1,13.1,365,62.1,42.2,67.9,1446,17.8,20.5,39.2
23.1,22.9,20.2,365,71,19.8,41.4,991,27.1,82.8,225
25.5,29.2,4.03,86.6,18.8,135,211,1999,9.65,23.5,45.3
36.2,26.9,12,10.8,12.9,15.5,37.2,449,13.6,29.7,30.8
57.3,37.2,17,19.5,9.31,7.84,12.1,615,11.1,47,55.7
24.1,23.3,9.47,14.6,10.3,41.4,64.4,328,10.8,21.3,31.9
42.9,23.9,6.49,429,64.4,9.22,14.7,784,5.83,14.6,27.4
47,28.9,9.91,8.66,10.3,21.9,53.8,710,10.4,31.1,39.6
23.1,21.5,6.67,5.52,11.5,70.4,125,1358,7.77,38.5,38.5
101,57.3,18.4,23.9,5.23,30,129,1911,8.51,31.3,44.1
40.7,35.2,14.2,41.8,22.7,6.44,26.2,346,40.7,77,117
65.5,46.1,3.02,8.2,10.6,25.3,52.8,791,14.3,23.1,41.8
41,34.3,1.26,382,52.3,28.9,56.7,1582,17,25.3,1.43
102,74.3,9.73,313,56.2,52.3,81.3,1286,17.5,34.6,54.7
28.9,5.94,7.91,5,2.69,31.3,83.5,2072,44.5,100,130
29.4,20.9,8.82,17,8.28,11.7,19.5,965,12.3,32.8,38.2
33.1,19.1,4.78,14.9,15.1,37.9,78.4,1655,12.7,20.9,33.4
28.1,35.5,8.82,15.4,10,146,211,1554,9.06,27.6,31.9
13,21.7,2.57,18.8,9.39,82,139,1670,19.1,30.8,47.4
50.5,52.3,3.85,10.6,13,31.1,50.9,1065,13.9,30.8,48.7
42.6,20.4,6.61,8.9,9.65,20.9,76.4,1046,13.8,33.7,30.2
35.9,38.2,4.49,150,50.5,70.4,90.6,519,19.6,63.8,58.8
38.5,37.5,8.74,21.5,13.2,16.3,30.2,441,11.8,14.1,26.4
41.8,21.9,8.13,13.6,3.65,5.73,12.5,982,35.9,96.5,99.1
57.8,50.9,4.61,235,42.2,10.1,41.8,615,10.3,32.8,33.7
2.19,4.18,3.46,16.3,7.99,56.2,101,2788,33.1,63.2,147
21.7,9.14,7.43,57.3,14.5,32.5,53.3,723,40.7,82.8,89
59.9,37.5,1.67,227,29.7,36.8,59.4,1486,15.3,22.5,24.6
39.6,19.6,12.5,325,52.8,184,246,723,7.23,23.3,21.7
8.43,10.4,17.6,21.7,10.6,55.7,118,2943,14.3,34.6,55.7
264,160,11,141,29.4,26.4,65.5,2129,51.4,151,200
125,124,31.3,292,85.1,38.5,82,1286,12.3,24.8,40.3
24.6,30.5,7.91,22.1,20,21.7,37.9,322,10.9,26.4,28.4
114,138,5.99,92.2,28.1,30.8,44.9,349,17.8,31.6,34.9
18.3,17.3,9.14,10.8,4.57,31.6,58.3,1640,16,26.4,23.3
34.6,32.5,3.92,90.6,20.9,7.37,22.5,1084,13.6,34.9,34.3
25.9,17.6,2.81,9.73,4.14,5.83,22.1,1811,14.7,23.7,33.7
55.2,27.4,47.8,104,60.4,47,85.8,1640,29.4,67.3,79.1
34.3,22.9,9.39,85.8,36.2,6.73,29.2,835,22.7,63.8,135
33.7,26.7,21.7,573,105,18.6,28.4,403,13.6,27.1,47.8
53.8,34.9,8.58,11.7,5.94,8.74,19.5,343,11.3,34.3,38.9
30.8,12.2,5.67,24.4,8.06,13.1,32.8,685,12.9,24.8,20.5
41,28.9,11,15.4,10,19.8,43.3,828,13.3,25.7,32.8
33.7,21.5,50,98.2,53.3,13.9,28.6,679,13.3,36.5,29.2
45.3,23.5,36.5,403,65.5,13.3,31.6,509,14.5,26.7,58.8
66.1,51.4,10.8,414,74.3,15.5,30.5,632,20.5,20.7,44.5
21.3,15.8,23.7,17,15.4,8.43,25.3,1420,12.2,30.8,24.8
84.3,98.2,82,105,58.8,13.9,32.2,583,58.8,124,325
38.5,20.2,15.7,322,61.5,27.1,60.4,906,12.5,28.6,59.4
42.2,28.9,11.9,12.7,2.29,11.9,21.5,340,11.8,32.2,39.6
25.9,14.2,11.9,21.9,34.9,7.99,18.6,1134,23.1,56.7,94.7
133,68.5,11.8,10.8,15.5,34,54.7,355,16.5,28.1,33.1
44.5,25.7,12.7,2.07,7.04,11.7,35.2,828,8.82,24.1,28.1
35.5,26.7,5.52,18.8,3.08,5.38,18.9,271,16.4,42.9,28.4
30.8,24.1,2.62,227,26.4,38.9,60.4,806,10.7,31.9,49.1
32.5,27.4,9.65,5.19,8.35,12.5,18.8,673,22.1,44.9,55.2
37.2,19.3,8.58,118,12.5,3.55,11.9,547,10.8,28.1,45.3
71.7,47,21.3,20.9,1.23,38.9,63.2,418,6.44,14.6,31.3
40.3,26.2,21.5,18.6,5.78,15.3,42.6,2436,14.2,32.5,41.4
46.6,26.7,1,281,7.1,105,239,4105,14.7,23.9,49.6
149,107,4.14,31.6,18.3,127,237,3523,24.1,53.3,89
41.8,24.1,15.4,18.9,14.6,45.7,82.8,615,16.8,31.3,39.6
112,108,2.02,110,31.9,23.7,56.2,1747,13.6,15.8,27.1
183,105,32.5,55.2,14.1,6.1,20,1219,15.8,16.3,33.7
204,139,3.02,89,9.73,8.66,17.9,359,9.82,16.3,21.9
24.4,16.5,7.64,39.6,5.28,4.1,11.7,764,8.43,22.5,35.9
100,79.9,149,400,131,81.3,107,610,21.1,62.1,95.6
20.9,26.2,34.6,83.5,26.7,67.9,120,2227,15.3,40,35.9
34,20.4,8.98,57.8,3.11,54.7,82,2129,35.2,62.1,88.2
43.7,37.9,14.7,25,7.84,8.2,28.4,1762,9.31,34.6,50
31.1,17.2,10.3,113,37.9,58.8,123,2267,14.7,48.3,41
29.4,23.7,7.5,349,57.8,10.4,34,474,13.6,45.7,77
50,32.5,10.8,15.1,10.5,71.7,126,3191,15.7,40.3,80.6
53.8,33.7,18.8,52.8,21.9,3.65,46.6,67.3,12.1,24.8,21.5
30.5,18.1,18.9,20.5,14.3,14.3,31.3,1165,14.7,36.5,25.5
35.2,22.7,2.39,93.9,17.6,67.9,150,4179,23.7,52.8,81.3
40.7,34.9,8.06,6.85,1.31,13.1,30.5,362,8.35,28.4,31.1
89.8,74.3,4.33,8.66,12.6,62.1,135,2187,23.9,41.8,70.4
123,92.2,9.06,5.42,3.82,50.9,104,2916,12.4,30.5,36.5
61,84.3,1,145,1.51,19.6,34.9,1018,9.65,44.5,57.8
25,18.3,7.17,25.3,17,28.6,61,1346,10.3,33.1,34.3
38.9,16,7.91,7.17,6.85,161,269,1811,1.36,15.7,24.6
23.9,30.8,2.94,10.1,5.62,32.5,50.5,578,9.91,18.4,50.9
40.3,14.9,10.1,27.9,11.1,79.9,184,3587,7.5,26.4,43.7
73.7,14.3,23.3,27.4,19.3,67.3,137,3555,27.9,65.5,62.6
98.2,61.5,8.2,53.8,14.9,136,292,5094,17.2,41.4,36.2
43.7,29.4,19.5,16.4,12.3,61.5,123,2480,15.8,23.7,13.6
6.1,6.73,9.73,13.6,2.89,11.8,28.1,939,11.4,33.7,48.7
24.6,14.7,8.98,149,35.2,79.1,129,1999,10.3,40.7,69.2
25.7,29.7,6.55,90.6,3.92,30.2,50.9,483,10.8,16.4,35.2
44.9,47.4,6.1,106,34.6,11.7,19.5,552,13.2,24.4,61
31.6,24.6,1.79,138,30.8,37.9,59.4,1186,24.1,47,57.8
27.4,20.7,11.8,4,4.78,1.88,8.2,337,14.6,27.9,26.4
30,16.7,30.8,73,24.8,14.3,43.3,1094,10.6,21.5,36.5
33.7,34.3,8.82,12.3,1.09,38.2,55.7,557,10.5,15.7,33.1
55.7,40.7,47,31.9,61.5,24.8,52.3,1670,15.4,29.4,38.9
54.2,34.9,7.7,17.5,6.73,98.2,149,1860,23.5,50.5,79.9
31.9,10.8,5.47,211,28.1,24.6,35.5,491,15.7,30.5,28.1
62.1,36.2,8.74,7.3,10.6,42.9,75,1860,37.2,66.7,131
38.2,21.9,4.7,10.6,5.99,28.4,63.8,1981,36.5,62.6,126
36.2,30,4.41,27.9,26.7,32.8,57.8,1407,25.3,36.2,36.2
20.2,23.3,18.6,123,40,8.82,18.3,538,11.5,26.2,36.5
150,99.1,8.28,39.6,17.9,50.9,90.6,3106,12.5,36.8,41.8
25.7,23.3,8.82,9.47,5.23,18.4,39.6,1670,36.8,81.3,99.1
64.4,67.9,12.5,414,73,10.6,23.7,750,10.4,17.9,18.1
43.3,43.7,12,11.9,6.26,35.2,82,1999,18.6,41,53.8
22.9,19.6,4.53,87.4,10.3,10.6,34,2017,52.3,141,183
33.1,17.9,9.31,142,29.7,40,56.7,1286,5.33,41,1.76
30,19.8,7.37,181,22.5,48.7,75.7,1499,18.3,22.7,16
34,30.5,23.1,19.6,12.9,21.7,47.8,626,16.1,28.4,54.2
23.9,21.9,8.43,34.9,1,10.6,25.3,441,17.3,62.1,123
209,111,1.83,108,20.2,12.9,36.2,1611,3.75,10.4,25
28.1,17.2,6.49,13.1,1.58,311,445,2308,11.1,31.9,47.8
153,106,5.94,66.1,14.9,20,42.9,578,16.5,31.3,23.9
77.7,76.4,5.62,89,13.5,21.3,34.9,621,14.6,36.8,54.7
24.1,23.9,1,125,9.22,5.52,17.5,806,19.8,25,38.5
22.5,23.3,25.7,66.7,18.1,125,235,1611,14.3,36.2,52.3
29.4,15.3,9.22,7.5,1,1.38,1,160,7.99,19.3,32.5
41.4,40,4.57,113,10.9,57.3,113,3220,20.4,52.3,67.9
1.83,1.57,12.2,93.1,44.5,19.1,37.9,1000,15.1,22.9,47.8
49.6,49.6,8.9,15.5,2.33,21.5,36.5,1046,17,25.7,54.7
11,31.6,9.31,14.6,17.9,34.6,43.3,396,10.6,27.9,16.1
4.03,7.57,2.23,121,9.73,17,33.1,519,32.2,49.6,71.7
47.8,30,9.82,24.4,7.3,58.8,100,1334,55.7,114,184
29.4,20.4,2.07,67.9,5.09,48.7,81.3,1407,11.3,42.6,32.2
638,191,6.98,8.66,18.1,20.2,38.2,1382,27.6,68.5,93.1
113,86.6,11.2,13,17.8,94.7,149,1685,10.4,31.6,39.2
1.49,2.71,3.43,132,4.03,6.73,13.9,281,4.74,23.1,17.3
25,20,9.39,89,18.3,20.9,37.2,340,10,28.9,39.2
137,126,8.9,142,11.5,26.4,43.3,292,22.5,34.3,4.53
15.7,18.3,53.3,202,106,20.5,31.6,806,23.1,49.1,60.4
44.5,34.3,4.96,12.4,13.2,26.9,38.9,655,17.6,46.1,31.3
49.1,37.9,6.38,9.31,3.37,18.9,29.7,698,17.5,33.7,54.7
97.3,62.1,20,16.4,31.1,7.57,24.4,866,15.7,35.5,43.7
56.2,50,10.4,5.47,2.86,42.2,68.5,1762,17.8,38.5,52.3
51.4,32.8,6.85,11.7,6.79,16.5,57.8,828,12.9,34.9,48.7
42.6,24.1,13.7,17.6,15.4,69.2,233,4411,14.9,35.2,34.3
34.6,23.1,19.3,25.7,32.5,10.8,28.9,500,16.8,33.4,6.32
32.8,18.6,3.19,157,15.8,13.5,21.9,426,13.8,27.6,49.6
24.1,27.1,27.6,33.7,16.7,20.2,38.5,757,25.3,54.7,113
75.7,31.9,5.42,45.7,19.5,20.2,27.4,491,18.1,42.2,59.9
84.3,143,7.1,6.49,10.2,35.2,47.4,730,48.3,92.2,139
13.9,21.3,12.3,28.1,13.6,10.9,36.8,679,14.6,37.5,27.4
14.5,25.7,3.43,8.66,2.23,46.1,71.7,1670,14.5,23.9,48.3
31.9,15.5,6.92,4.41,2.71,14.6,32.5,3368,8.74,28.4,18.6
83.5,52.8,8.51,6.04,9.91,50.9,62.6,626,14.6,22.9,39.6
3.75,15.1,4.57,62.1,13,3.55,8.66,108,16.5,33.1,23.3
32.2,24.6,23.1,276,49.1,11.9,23.1,523,10.1,29.4,42.6
37.5,28.1,27.6,19.5,3.85,33.4,92.2,1860,14.2,35.2,62.6
5.83,6.85,7.1,5.42,1.49,64.9,106,1037,7.23,26.4,33.1
34.9,23.7,11.1,4.87,1,36.8,62.6,1104,9.82,9.14,20.4
35.2,40.7,14.3,16.8,25,16.5,78.4,661,8.74,35.5,22.7
22.9,22.5,5.33,73,15.3,12.4,37.2,433,50.9,120,300
34.6,23.9,20.2,30.2,12.1,66.1,119,2227,10.9,25.5,42.9
51.9,57.3,12,42.2,32.2,25.7,43.3,610,7.3,18.8,38.9
54.7,10.3,5.99,88.2,12.9,14.7,28.1,890,7.1,23.1,31.6
27.1,22.7,8.98,8.58,5.67,11.7,25.3,723,16.7,25.7,54.7
62.6,48.3,6.55,5.38,11.4,6.73,50,67.3,32.8,67.9,82.8
29.2,29.2,1,161,8.58,17.6,49.6,1827,13.5,21.1,21.7
57.8,33.7,24.1,60.4,12.4,29.4,49.1,632,5.47,29.2,20.2
25.7,31.9,6.04,48.3,17.6,28.6,73.7,851,27.4,57.8,89.8
44.5,36.2,9.14,11.3,4.29,2.64,6.44,799,12.5,35.9,56.7
36.8,18.4,7.77,105,12.6,70.4,126,1554,8.35,34.3,16.1
146,91.4,10.4,11.4,4.45,18.4,28.1,410,13.2,22.7,63.2
36.2,34.6,1,120,26.7,42.6,84.3,3460,24.8,49.1,72.3
104,56.2,7.77,10.5,8.06,22.1,49.6,505,33.4,56.7,62.6
21.7,22.1,10.6,346,50.9,25.5,45.7,717,10.1,9.06,34
33.4,26.9,7.37,61,16.3,8.74,19.8,679,16.8,53.8,92.2
26.9,29.4,2.57,69.8,18.3,13.6,63.2,973,8.98,35.2,18.1
25.5,27.6,4.41,93.9,19.8,59.9,118,2371,9.06,25.5,22.1
26.2,18.4,1.13,143,8.13,13.6,19.5,567,47.4,113,157
28.6,23.5,7.43,18.9,12.5,20.5,49.6,1963,13.5,19.8,32.8
38.9,36.8,13,22.1,12,43.3,126,2267,52.8,105,114
50,26.2,2.48,123,21.5,86.6,151,1346,9.82,22.9,46.6
98.2,67.3,20.7,18.9,3.08,28.1,45.7,1499,17.3,17.3,33.1
40.7,16.4,19.6,14.2,14.3,36.5,69.8,1252,9.56,26.2,37.2
25.9,15.3,7.43,56.2,11.1,22.3,65.5,3051,14.6,33.1,31.6
34,20.9,15.1,219,53.3,15.7,28.9,505,13.5,33.1,43.7
45.7,37.5,10.8,8.13,5.19,7.77,23.7,362,10,24.1,34.9
83.5,65.5,5.23,8.9,3.96,21.1,30,400,10.2,34.3,32.8
20.4,33.7,32.8,246,56.7,15.7,33.1,692,16.3,31.1,28.1
27.4,12.6,10.8,39.2,20.4,7.91,15.8,615,8.58,18.4,22.3
143,42.2,19.3,173,38.9,13.9,29.2,1114,42.2,110,130
122,86.6,18.8,23.5,23.7,13.8,30.2,704,20.7,45.3,57.3
38.2,25.7,4.7,10.9,4.7,59.9,103,1640,6.26,18.8,42.9
130,89,1.65,71,7.17,25.5,164,2054,13,30.8,44.5
31.3,20.2,5.99,207,23.5,10.5,34.9,433,48.3,124,142
42.2,32.8,10.6,457,93.9,46.6,92.2,3429,20.5,49.1,65.5
33.4,20.7,6.92,11.2,13.6,49.6,80.6,1731,22.9,66.7,67.9
16.1,18.3,2.31,8.28,7.37,8.43,27.4,1310,17.3,36.5,43.3
20.5,24.6,2.74,248,31.9,55.2,68.5,542,9.39,40,22.7
26.4,17.2,8.9,16.1,5.38,11.5,27.6,621,7.17,21.7,45.3
138,27.6,8.98,14.2,4.33,28.6,37.9,457,7.7,29.7,36.2
41.4,32.2,12.1,294,25.3,35.5,57.8,621,17.3,31.1,39.6
40.7,20.5,1,255,26.4,12.6,45.3,2350,14.7,34,30.2
82,42.2,46.6,528,50,91.4,205,5882,8.58,17.5,27.1
31.3,22.3,13.9,16.7,13,97.3,198,2247,11.5,41,48.3
34.6,29.4,8.51,7.84,9.73,35.5,79.1,1811,9.73,32.5,33.7
30,29.7,10.5,135,21.1,20.4,31.9,843,11.8,36.5,52.3
40.3,25.9,10.8,207,26.4,12,31.1,799,19.5,45.7,15.1
42.9,33.1,2.57,67.9,3.79,41.8,91.4,1540,9.31,21.7,29.2
29.4,41.8,6.49,164,28.9,45.7,74.3,717,21.1,37.9,59.4
40.3,50.9,5,10.7,16.3,111,196,2763,19.3,36.5,49.6
85.8,65.5,25.7,22.7,18.1,9.14,28.9,1370,13.8,27.6,35.2
33.7,21.7,6.73,433,57.8,6.73,42.6,141,9.06,51.4,49.6
41.4,54.7,1.45,151,31.9,28.9,86.6,1794,12.2,30.2,44.1
42.2,27.1,10.2,22.1,10.3,45.3,90.6,3652,14.9,40.7,50.9
22.5,19.8,9.39,10.4,11.4,4.49,20,337,8.66,19.6,34.6
62.6,34.9,17.8,18.9,14.2,20.9,39.6,685,5.14,22.3,34.6
105,103,10.4,491,90.6,37.9,62.1,474,17.9,33.1,55.7
46.1,33.7,5,63.8,13.1,188,292,2571,15.7,45.3,60.4
77.7,23.1,2.62,11.1,19.8,6.38,56.2,365,11.9,36.8,30.5
28.6,15,2.86,101,17.9,11.7,21.9,1104,24.1,54.7,47.4
191,123,1,229,29.4,41.8,71.7,1009,12.7,30,19.8
38.5,15.1,4.26,131,33.4,10.6,44.9,1027,11.3,16.1,23.7
42.9,31.3,8.66,12.9,5.73,33.7,62.1,509,11.2,33.7,35.2
22.5,30.8,8.13,11.3,7.37,89,125,1582,9.06,29.7,27.9
34.9,26.7,64.9,91.4,16,25.9,41.8,542,12.4,36.8,28.6
52.8,34,6.73,13.5,6.38,65.5,117,2308,15.1,25.5,53.8
41,19.6,4.91,418,48.3,6.55,22.9,1000,25.9,37.9,36.5
30,23.1,1.2,168,17.5,15.7,32.5,638,11.1,44.1,54.2
16.8,21.5,17.3,500,90.6,5.38,11.1,505,11.4,28.1,40.7
133,90.6,12.1,153,24.8,4.49,8.82,76.4,11.3,17.5,31.6
108,60.4,4.83,6.98,19.6,40.3,82.8,1526,8.43,25.3,48.7
52.3,30.5,13.3,5.33,8.98,19.5,55.7,3134,18.4,48.3,36.5
32.2,23.7,10.8,11.8,4.61,31.1,93.9,2414,7.77,17.3,20.9
86.6,77.7,6.55,10,5.94,16.5,33.1,685,21.5,60.4,80.6
32.2,20.2,1.06,217,22.1,5.99,9.56,340,14.1,21.7,32.2
47.4,48.3,27.4,297,50,14.3,29.4,626,43.7,102,104
30,75.7,3.72,91.4,3.59,10.7,24.1,626,48.3,163,248
34.9,23.9,21.7,14.7,12.2,51.4,127,2017,69.2,163,181
217,142,1.79,38.5,12,11.1,64.9,519,38.9,93.9,123
83.5,57.8,19.1,27.6,1.88,30,71.7,3820,6.38,22.9,23.9
29.7,32.2,40.7,53.8,23.9,8.06,13.2,505,12.9,24.6,36.5
2.27,5.38,42.9,46.6,14.5,7.57,30,685,33.4,81.3,123
151,84.3,8.06,6.55,5.83,93.1,178,2788,12.3,28.4,37.5
59.4,43.3,3.05,88.2,4.91,10.1,44.5,588,16.3,31.1,49.1
53.3,57.8,7.84,26.4,9.22,34.6,74.3,2350,8.82,21.5,21.5
154,98.2,1.53,123,7.91,122,196,2072,20.7,46.6,37.9
123,98.2,4.61,106,22.1,19.3,72.3,965,2.25,16.7,40.7
20.2,1.01,8.51,40.3,16,31.6,54.7,2548,16.3,35.5,25.9
28.4,9.56,7.99,8.2,6.26,150,305,4255,11.7,25.9,36.5
34,20.7,4.37,69.2,21.9,4.37,23.3,250,9.56,15.5,44.9
32.5,22.7,7.3,6.73,9.31,41.8,127,2618,13.5,28.9,38.2
53.3,39.2,3.72,426,31.6,15,25.5,542,7.43,47,32.5
33.1,18.1,6.79,82,11.9,15.3,30.2,649,34,73.7,68.5
27.4,24.4,3.59,112,28.1,126,198,1794,7.99,36.2,37.2
25.9,10.3,8.13,14.9,9.47,34.9,64.9,2714,35.2,66.7,76.4
51.4,28.1,7.7,96.5,12,67.9,145,2813,29.7,48.3,81.3
34,17.3,2.31,125,19.1,137,205,858,14.7,30,31.6
45.3,35.5,1,121,31.3,38.2,80.6,1526,6.67,24.4,26.2
33.7,30.5,2.21,143,40,8.35,23.3,638,8.13,17.2,27.1
75,49.1,21.9,26.7,23.3,8.66,23.3,750,14.6,38.2,69.2
147,101,2.37,108,30,10.6,46.6,1582,45.7,139,173
30.2,21.3,2.79,107,22.5,50,97.3,2187,18.4,47.8,59.4
29.7,17.9,8.2,29.2,3.49,4.45,15.1,237,13.9,17.6,27.4
16.4,22.7,19.5,193,47,47.8,107,3523,25.3,55.7,98.2
48.3,40.7,4.87,8.58,7.3,26.9,41.4,573,18.8,50.9,56.2
22.9,26.9,2.81,141,10.6,18.9,28.4,385,10.3,34,41
136,87.4,13.7,289,61.5,9.65,23.1,717,12.3,39.6,22.1
28.4,15.5,2.48,76.4,24.8,8.28,32.2,578,17.8,46.6,50
82.8,56.7,11.9,9.65,7.5,25.9,82.8,649,7.7,17.2,67.9
66.1,47.8,8.43,6.61,8.9,16.5,35.2,644,64.9,127,117
36.2,25.9,8.35,7.23,8.51,35.9,64.9,604,14.3,41,48.7
31.9,25,9.22,38.2,18.4,26.9,50,1540,16.7,31.6,39.2
34.3,24.8,10.8,8.66,4.83,20.4,40.3,487,10.4,37.2,79.9
138,98.2,2.48,157,15.3,31.1,41.8,334,9.47,25.5,29.2
19.5,26.4,16.4,27.6,20.9,24.6,30.8,302,28.9,42.9,135
21.1,18.9,21.7,20.2,6.44,95.6,188,3619,8.74,16.8,38.5
105,56.2,10.3,14.6,8.74,26.2,42.2,1155,20,41.8,75
58.3,41.4,5.23,233,21.3,3.82,22.3,799,9.82,24.1,51.9
32.8,21.1,10.5,123,19.3,28.1,51.9,2091,13.3,31.6,41.4
50.5,31.6,12,10.5,1.11,48.3,75.7,1358,11,46.6,43.3
66.1,52.3,2.89,85.8,21.7,69.2,119,1346,13.8,39.6,43.3
43.3,46.6,6.38,453,91.4,38.9,60.4,644,26.2,54.2,51.9
42.2,27.9,27.4,137,87.4,13.2,29.2,757,4.74,16.7,31.3
27.6,25.7,8.35,14.3,17.9,15,31.6,723,11.9,25.9,51.4
30.2,14.9,20,18.9,7.17,4.33,18.1,1322,8.13,25.3,27.6
35.2,25,7.43,7.84,1,129,195,1894,24.4,52.8,30.2
195,85.1,1.24,200,18.9,43.7,88.2,2072,4.78,5.38,10.6
35.5,27.9,1,207,26.4,62.6,94.7,710,39.2,105,160
47.8,32.2,61,41.8,22.3,82,143,1963,13.9,30.2,41.8
57.8,44.1,2.97,66.7,21.9,76.4,102,626,14.7,20.9,32.2
33.4,24.1,7.91,12.2,6.67,64.9,114,1640,8.66,35.5,23.9
31.9,20,10.6,6.49,4.14,22.3,39.6,644,54.2,158,284
31.1,23.1,8.28,9.82,12.3,30.2,57.3,519,8.82,22.5,5.73
27.4,12.6,10.7,8.82,7.37,20.9,46.6,2091,15,38.2,27.9
99.1,79.1,14.9,15,9.65,18.3,36.8,1512,66.1,157,219
52.3,47,5.88,77.7,10.6,57.3,96.5,1554,13.9,35.5,53.3
26.7,22.5,1.95,110,3.19,86.6,121,1104,13.6,28.9,41.8
74.3,56.7,3.08,91.4,9.47,21.3,33.7,791,42.6,109,253
27.9,16,7.91,5.38,11,7.5,22.7,505,15.1,14.7,26.7
41.4,20.9,4.87,15.5,3.89,33.1,58.8,1197,11.9,32.2,28.1
31.1,22.3,28.1,17.2,23.1,22.9,50,2642,8.74,20.5,36.5
3.16,13,2.86,39.6,12.4,106,246,6612,9.82,38.2,38.5
25.7,7.57,9.31,61.5,11.9,5.67,17.9,253,7.84,28.1,30.2
42.2,24.4,40,500,183,10,24.6,1794,12.5,36.5,44.1
131,76.4,5.38,10.6,15.7,78.4,136,1811,10.1,20.9,27.9
40,30.5,34.6,45.7,47,34.9,114,3368,7.5,32.2,22.1
73,46.1,1.98,64.4,15,23.7,111,1155,50.9,120,142
58.3,36.5,6.38,16.5,7.77,35.9,44.9,632,13.5,28.4,33.1
90.6,57.8,1.26,146,22.9,90.6,161,1911,8.66,21.3,25
30.8,6.73,28.1,15.3,8.98,147,316,4870,23.5,63.8,69.2
31.6,13.8,5.78,139,15.4,6.85,10.4,906,5.67,16.1,20.4
76.4,58.8,5.23,26.4,5.47,13.2,28.9,621,7.91,28.6,31.1
16.1,10,4.18,115,19.8,35.9,54.2,1554,12.3,34.9,36.2
35.5,33.4,10.3,6.38,5.09,11.9,19.3,626,34.6,64.9,109
55.2,43.3,4.83,209,55.7,27.6,54.7,1358,18.3,43.7,56.7
28.4,14.7,8.66,12.9,7.64,119,205,1486,11.5,33.7,38.9
29.4,19.3,8.9,10.3,14.3,7.04,25.5,276,16.8,37.2,48.3
42.9,21.5,3.4,122,21.7,16.7,39.6,599,30.5,69.8,58.3
37.2,21.1,10.5,8.82,8.28,27.9,73.7,1640,12.6,30.8,25.7
34.9,17.2,4.7,8.51,7.17,73.7,150,2227,22.1,45.7,48.7
28.1,12.7,11.3,11.8,12.9,59.4,99.1,1715,49.1,101,117
34.3,30.5,5.47,80.6,16.7,14.7,25.3,594,6.15,17,26.4
56.7,52.3,2.81,126,15.8,70.4,124,1611,10.5,25,24.4
47.4,33.1,4.57,75,13.7,23.9,64.9,2714,181,441,474
42.6,32.5,35.5,16.3,30.5,75.7,127,1382,31.9,72.3,89.8
37.9,20.4,5.38,34.9,7.5,6.73,14.3,533,9.39,21.1,26.7
17.3,19.5,5.28,163,18.6,85.8,145,1275,15,26.7,36.5
73.7,66.7,20.9,195,35.9,77,158,1625,11,28.4,41.4
25.9,30.8,5.52,14.2,1.24,89.8,160,1762,15.5,41,38.2
35.5,28.1,9.47,474,80.6,29.7,55.2,1310,12,25.5,37.5
47,22.1,7.7,17.9,1.01,83.5,163,4032,6.79,28.9,24.8
24.1,17.2,10.6,10.8,8.2,9.56,22.1,418,18.1,34.9,42.6
74.3,71,61,90.6,35.2,8.58,19.6,359,26.9,64.4,94.7
112,73,28.6,33.1,9.06,17,35.9,621,6.04,20.9,33.7
118,85.8,3.08,9.56,4.87,48.7,77,2267,8.74,12.5,21.5
30.5,15.1,3.13,112,13.7,7.23,20.2,604,16,28.1,37.5
29.7,23.7,25.5,294,88.2,105,259,2525,20.4,37.9,62.6
41,17.9,5.62,509,76.4,70.4,157,1395,11.3,34.9,21.9
36.2,16.8,7.3,3.72,2.44,19.5,55.7,1382,34.6,75.7,95.6
22.7,26.9,10.6,8.13,4.41,68.5,126,1981,13,29.7,24.1
33.4,17.9,12.3,35.5,5.52,93.1,154,3220,12.3,48.3,82
31.1,21.1,10.8,7.7,4.87,40,66.7,562,6.98,28.9,22.9
34,23.5,2.64,153,28.1,3.62,23.1,1176,59.4,164,211
98.2,79.1,4.41,33.7,8.98,14.5,80.6,1843,12.9,41,34.3
10.7,14.1,3.13,153,3.31,25.3,47,1526,26.2,79.9,106
35.5,23.9,44.5,27.4,20.7,4.91,7.7,161,42.2,87.4,94.7
15.4,16.1,85.8,53.8,22.3,2.33,20.9,53.3,53.8,112,106
16,26.7,1,118,5.38,89,292,4698,17.3,38.9,34.6
136,80.6,1.33,136,18.4,10.6,31.3,562,42.6,84.3,85.1
20.5,27.1,15.3,24.6,10,167,264,1762,5.73,22.7,32.5
117,75.7,13.9,16.7,10.8,34.6,85.1,1963,13.9,18.4,20.2
81.3,59.4,7.84,16.7,3.85,78.4,181,2371,1.17,67.9,6.04
66.1,29.7,2.05,105,17.8,40,83.5,1762,10.6,25.9,42.2
16.1,9.39,11.2,6.44,7.77,46.1,76.4,1275,8.82,23.9,31.9
188,124,19.5,23.9,14.6,211,573,7105,15.7,42.9,48.7
54.2,10.9,5.05,16.5,7.64,17,37.9,764,17.3,29.4,1
47,41,5.99,223,57.8,9.73,22.3,698,51.4,127,120
164,117,12.5,547,106,8.98,27.1,519,12.1,31.9,23.7
55.7,36.2,13.1,24.1,10.9,62.6,119,2247,14.2,29.2,27.1
18.6,23.9,2.71,80.6,7.57,21.9,27.1,737,15.7,69.8,46.6
65.5,60.4,9.47,12.3,8.98,127,209,1981,13.7,25,31.9
36.2,20.4,5.99,90.6,21.5,103,151,1186,9.91,32.2,45.3
30.2,12.3,23.7,29.2,10.5,26.4,51.9,1275,24.8,57.3,61
37.9,38.2,11.8,22.3,14.2,101,262,6854,10,36.5,42.2
28.4,29.7,9.73,12.4,25.5,27.4,92.2,2525,12.3,20.7,23.7
80.6,117,4.66,179,20.7,11.5,28.6,573,8.82,28.9,17.6
29.4,20.4,5.05,22.7,8.43,17.3,79.1,470,13.9,36.8,26.2
16.1,2.81,2.94,28.4,13.7,27.4,41,557,37.5,93.9,161
168,132,9.06,396,63.8,96.5,172,2187,40.7,75.7,57.8
48.3,34.3,20.5,25.3,9.31,25,36.8,604,92.2,164,23.7
32.2,11.7,10.4,50.9,8.9,44.5,62.1,604,27.1,49.6,58.8
24.8,10.4,9.06,15.5,15.8,6.21,19.3,474,13.6,31.1,26.9
30.2,15.4,21.7,28.1,15.3,54.7,81.3,2738,15.3,44.5,43.7
24.1,23.5,5.14,92.2,18.4,1.45,7.7,28.6,16.7,45.7,40.3
72.3,53.8,7.57,10.7,6.21,6.32,19.1,777,33.1,80.6,72.3
26.9,18.1,23.1,20.5,10.6,34.6,56.7,1747,12.4,23.5,36.5
27.6,20.2,4.61,9.82,3.08,165,340,4411,10.1,42.2,33.7
20.5,23.9,8.74,55.7,21.3,31.6,86.6,1219,11.8,25.7,42.6
51.9,44.9,20.2,223,38.2,31.1,57.3,325,18.3,31.1,40.3
35.2,34.6,6.44,7.1,10.7,18.1,42.2,1346,13.2,41,50.9
26.4,18.3,1,53.3,7.64,9.31,42.9,325,34.3,67.9,85.8
77.7,47.8,2.57,98.2,4.07,12.1,28.1,757,28.9,60.4,82.8
68.5,66.7,7.91,93.9,18.6,12.9,19.8,478,17.9,44.5,61.5
53.3,47.8,4.74,32.8,27.6,56.7,112,2503,1,48.3,2.11
23.9,18.3,1,279,33.1,46.1,100,3220,26.4,71.7,72.3
32.5,28.6,10.7,16.3,8.82,16.3,33.7,661,11.8,30.8,48.7
109,73.7,20.9,17.2,6.55,2.71,7.64,52.8,11.5,20.7,31.6
25.7,21.7,11.1,10.6,7.04,69.8,100,1197,10.4,25.7,29.4
25,30,4.07,55.2,13,42.2,59.9,368,27.1,53.8,69.8
36.8,27.6,11.1,13.2,6.44,22.9,55.7,1176,19.3,62.6,81.3
76.4,47.4,15.5,19.6,1.17,61.5,131,1568,40.7,104,124
20.4,5.88,7.23,104,24.4,799,1186,1370,10,20.9,25.7
30.2,12.1,11.9,225,38.9,28.4,43.7,445,14.1,28.1,39.2
21.3,40.7,4.61,67.3,17.5,8.98,58.3,449,13.3,16.7,16.1
43.3,15,14.5,292,71,16.7,31.3,667,24.8,44.1,88.2
38.9,24.8,15.3,119,28.1,48.7,87.4,1747,6.67,15.7,47.4
104,164,5.42,89,2.59,34,77,2350,29.4,65.5,103
40.7,44.9,6.38,8.28,2.46,35.9,61.5,1894,37.5,70.4,85.1
32.8,15.5,6.1,147,11.5,7.99,19.3,509,33.7,71,60.4
63.2,41.8,35.2,23.9,13.7,87.4,138,2187,16.4,21.1,40.3
27.9,21.3,1.53,308,42.6,18.4,43.3,784,10.6,21.5,52.3
18.6,14.6,24.6,359,64.4,9.65,23.9,1046,15.1,31.1,30.5
130,100,1.33,161,20.7,31.6,44.1,528,12.7,28.9,35.2
42.6,25.3,3.79,311,40,21.5,53.3,737,17.3,42.9,71.7
17.9,37.9,4.03,8.58,8.35,9.82,35.5,730,15,43.3,47
30.2,18.9,5.09,3.34,20.4,16,30,730,7.04,16.7,24.6
86.6,66.1,22.1,26.9,18.3,73,106,1860,56.2,131,167
28.4,25,4.41,32.2,17.6,4.33,22.7,382,10.2,30,41.4
35.9,14.3,2.59,137,16.1,5.42,27.6,255,13.7,36.2,37.5
31.3,18.8,19.6,20.2,24.8,83.5,132,1625,11.8,30,20.9
23.9,29.7,5.14,97.3,14.5,24.6,50.9,302,3.92,19.6,16.8
32.5,20.7,22.5,34.9,15.8,31.3,67.9,2329,11.7,25,21.7
30,24.8,8.43,5.38,14.9,20.5,47.4,730,12.1,28.6,38.5
30.5,21.5,6.85,41,13.9,18.6,66.1,538,10.8,34.6,25.5
50.9,45.7,24.8,25.5,25.9,24.4,35.2,692,8.2,31.9,19.5
3.19,16,9.14,31.9,13.8,56.2,103,1794,9.91,19.6,20.9
23.7,16.3,14.6,24.6,16.4,105,237,4032,15.5,20.9,34.6
31.9,19.1,6.21,9.47,13.3,15.4,43.7,1715,11.4,33.7,18.9
17.9,26.4,12.7,264,54.7,36.5,54.2,1219,10.2,16.3,31.9
52.8,31.3,17,31.1,4.49,75,189,3555,53.8,95.6,109
24.6,30,2.02,205,15.3,18.3,58.8,730,9.22,20.4,24.1
193,139,22.1,244,74.3,26.7,35.2,491,25.5,69.2,94.7
50,31.1,7.57,7.84,6.73,30,66.1,743,16.3,33.1,47.4
12.6,30.5,20.9,21.3,9.06,62.6,107,1611,9.22,25.3,22.1
49.1,25.3,9.56,54.7,1,118,204,2247,33.4,52.3,32.8
32.5,30.8,11.4,6.67,3.13,30.8,84.3,1894,13.7,32.2,28.9
32.8,29.7,26.7,36.8,20,16.3,39.6,692,3.75,56.7,7.43
49.6,36.8,2.81,183,19.5,71,108,2148,36.2,105,91.4
62.1,47,15.4,172,30,7.91,21.1,1512,9.73,32.2,32.5
30.5,23.3,1.22,121,11.8,7.84,14.1,189,14.5,29.2,34.3
44.1,25.7,23.9,31.9,26.7,12.6,19.6,346,12.3,24.8,43.3
21.5,20.9,1.49,131,5.99,21.7,35.5,538,6.04,22.7,19.6
17.6,23.1,22.1,18.4,6.61,26.7,33.1,552,12.1,33.1,26.7
30.5,25.7,3.19,92.2,17.5,34.9,58.8,784,11.1,34.6,27.4
20.9,20,9.22,132,18.4,72.3,129,1747,7.84,17.9,23.9
36.5,18.4,8.35,7.04,7.1,16.4,55.7,1263,25.3,72.3,85.1
49.1,41,15.5,34.9,16.8,13,28.1,610,11.2,23.7,34
26.4,14.7,2.94,1,209,23.5,48.3,632,13.1,23.9,22.5
26.4,22.1,2,135,21.5,63.8,104,2035,8.43,31.6,27.9
19.3,22.3,9.73,103,12.2,28.4,42.9,403,21.5,59.4,67.3
62.6,40.3,4.96,54.2,14.3,21.1,63.2,1407,2.92,55.7,1
37.9,19.3,2.21,160,17.6,35.2,106,1928,8.06,36.8,22.3
69.8,48.3,10.4,13.8,1,13.3,50,813,20.9,50.9,48.7
37.5,26.4,6.79,9.22,1.84,29.4,50,426,27.6,53.3,131
95.6,106,8.51,10.7,1,17.3,26.9,289,11.1,24.1,39.6
27.6,27.9,1.75,123,34,60.4,137,2571,10.9,25.3,37.2
33.1,34,9.47,17.6,5.33,32.8,52.8,638,25,55.2,81.3
20.5,12.9,13.8,20.5,15.7,19.6,38.2,704,15.4,31.9,50.9
15.4,21.7,19.8,32.5,8.43,15.5,17.8,588,14.9,31.1,22.1
32.5,22.5,10.1,9.91,9.39,59.4,125,1486,32.5,82,101
94.7,67.9,5.99,15.4,8.13,11.2,61,835,33.4,68.5,131
30.2,45.7,7.99,8.28,5.94,13.1,47,2548,23.3,73,89.8
49.6,36.2,4.07,89.8,7.37,17.5,44.5,710,11.3,30.8,25.3
155,115,1.67,79.1,15.8,29.7,57.3,1286,51.4,98.2,121
48.7,26.9,64.4,110,19.5,337,474,1963,13.9,67.3,53.8
57.8,43.3,3.34,466,90.6,17.5,31.3,1018,7.64,22.1,34.6
82,47.8,54.7,48.3,11.9,30.5,66.1,1655,8.06,21.5,16.1
29.7,17,7.17,8.74,10.6,119,205,1554,15.1,15.8,35.2
64.9,35.2,4,43.7,20.9,8.06,18.9,372,18.3,37.9,49.1
32.8,12.1,8.51,87.4,11.8,9.47,37.9,615,7.3,25.7,31.1
40.7,28.4,2.48,139,28.6,86.6,114,410,22.9,38.9,51.9
35.2,23.5,9.31,5.09,10.3,10.6,15.3,375,9.56,7.57,12.6
31.9,37.5,10.9,461,68.5,6.79,23.7,898,12.6,20.7,35.9
28.6,15.8,5.57,102,20.2,4.29,17.2,777,12.1,32.5,31.1
89,55.2,1,136,29.2,96.5,161,2091,9.91,29.2,41.8
179,106,4.45,87.4,26.2,10.2,29.7,385,12.1,30.2,38.5
158,107,14.5,12.7,14.1,40.7,73.7,1176,9.65,32.8,20.9
42.2,27.6,39.2,96.5,61,10.4,23.5,1037,8.35,32.5,31.1
20.2,26.2,15.3,235,53.8,68.5,95.6,453,12.7,31.1,23.5
53.8,37.5,6.85,126,10,56.7,68.5,461,8.9,26.2,24.6
25.9,27.1,22.3,32.8,8.66,8.43,55.2,449,12,49.1,37.5
25,23.1,23.1,21.1,7.7,10.9,27.1,557,11.5,36.2,22.1
30,16,8.43,10.6,5.23,87.4,147,1625,20.2,46.1,49.6
40,15.5,6.85,42.9,7.91,23.5,44.5,1055,42.2,94.7,155
29.2,20.7,9.91,23.1,17.8,5.52,13.9,172,17.3,18.4,26.7
18.3,20.7,28.1,33.4,5.33,8.58,16,289,36.2,82.8,106
20.4,17.9,5.94,289,50.5,26.2,47.8,1433,8.58,23.1,33.4
38.5,40.3,15,22.9,7.04,30.5,47.4,1946,7.7,17.9,27.9
19.6,21.3,8.28,21.5,13.6,31.3,57.3,685,10.2,10.1,32.2
34.9,29.7,7.84,5.38,6.32,19.8,91.4,799,24.8,54.2,71.7
32.5,13.5,11.7,9.31,8.74,15.1,31.1,491,10,29.4,31.9
34,26.7,9.14,8.82,6.26,21.5,47.4,1526,10.3,31.6,36.2
30.5,18.9,6.61,9.65,7.23,20.7,37.9,422,12.9,25.9,30.5
97.3,24.1,8.28,4.37,9.56,8.9,28.1,519,31.1,99.1,135
15.8,15.7,7.84,10.3,15.8,21.3,31.6,843,9.65,19.8,30.2
39.2,10.2,4.1,51.4,6.44,44.1,64.9,882,27.6,43.7,85.1
122,91.4,16.7,23.5,17.5,50.5,75,349,14.5,42.9,50
153,119,10.6,11.5,1,75.7,133,1395,8.43,28.6,27.9
33.1,21.9,1.07,125,18.9,8.06,24.1,588,33.4,77,163
31.9,2.67,6.85,9.82,16.5,85.1,141,1472,20.4,48.3,53.3
28.6,22.9,7.7,13.7,19.3,7.77,30.2,514,8.74,12.5,23.9
30.2,18.6,7.64,15.5,10.2,14.2,28.4,429,8.9,27.4,29.4
227,179,24.6,21.9,14.6,5.78,42.2,319,11.1,29.7,26.7
20.4,22.9,7.84,7.64,9.65,129,202,1877,12.4,19.6,27.4
55.7,50.9,8.98,10.6,10.7,79.1,153,2525,43.3,101,167
32.5,21.9,8.98,5.88,15.7,25,40.3,433,4.49,29.2,32.5
27.4,15,29.4,15.4,27.1,26.2,46.6,1512,11,29.2,33.1
11.5,27.1,31.6,31.1,22.3,102,325,6153,34.3,76.4,118
37.2,21.3,8.51,12,2.71,105,179,1640,21.3,38.9,71
11.1,32.2,4.74,84.3,8.51,37.5,79.1,4068,38.5,74.3,94.7
37.2,35.9,9.39,7.5,8.74,120,189,1114,13.7,38.2,49.6
28.6,18.4,1.45,121,12,9.14,14.5,644,4.22,7.57,18.4
32.8,31.1,3.19,122,9.91,47.4,80.6,470,9.14,12.5,28.6
30,16.7,3.72,12.7,9.82,43.3,64.4,372,9.65,21.9,52.8
17.6,31.1,2.02,229,14.1,59.4,91.4,1134,22.9,55.2,100
24.6,18.6,7.84,9.56,12.6,5.28,24.6,276,13.1,29.7,56.7
73,54.7,10.3,16.5,10.6,12.9,24.8,632,42.2,100,93.9
28.1,20.2,8.66,7.37,8.66,101,165,1596,13.1,26.2,53.8
46.1,23.1,2.39,264,30.8,10.6,20.4,604,36.2,85.1,151
36.8,29.4,5.38,122,28.9,13.1,13.3,583,2.97,13.6,13.7
71,55.2,19.1,19.6,13.5,21.7,47,379,11.9,35.9,28.9
41,31.6,11.7,181,32.5,9.56,14.7,331,13.7,18.8,37.5
36.2,21.7,4.83,61,6.38,8.9,15.1,882,31.6,62.6,80.6
62.6,41,22.1,26.9,12.3,25.5,35.2,533,22.5,44.5,75.7
163,97.3,8.35,13,9.39,164,284,1084,11.8,28.1,59.4
28.6,21.3,7.64,36.8,11.3,6.73,35.5,355,57.8,118,99.1
26.7,14.7,6.38,55.2,12,77,135,1655,12,39.6,42.9
53.8,46.1,27.4,97.3,3.05,17.5,29.2,340,8.66,13,18.4
56.2,35.5,8.82,7.3,1.3,23.9,33.1,422,10.5,15,38.2
36.2,23.3,15,22.5,17.6,10.5,35.5,221,20.2,45.7,8.06
32.8,21.7,6.21,79.9,5.33,7.64,13.5,343,11.2,26.4,48.3
29.7,30.2,10.4,43.7,26.9,12.1,30.5,557,10.4,36.8,34.3
18.6,5.38,1,143,20,3.65,11.5,300,38.9,68.5,78.4
34.3,29.7,11.8,15.5,4.41,11.5,26.7,519,5.73,15.1,24.4
68.5,46.1,3.75,34.6,5.52,105,223,3718,8.13,18.9,22.7
28.6,17,3.13,107,26.4,95.6,186,1999,13.1,30,57.3
40.3,23.7,1,108,19.1,60.4,103,1540,19.5,41.4,4.96
5.33,6.92,9.82,11.7,1,14.6,39.6,632,10,21.1,47
143,85.1,8.43,54.7,22.1,281,573,9910,19.5,53.3,55.7
30.5,19.1,11,9.31,1.91,9.22,19.5,48.3,35.2,83.5,104
40.3,23.3,10.8,17.5,8.98,9.82,51.9,433,8.9,29.2,41.4
13.1,20,11.5,37.5,18.4,13.5,34.6,1370,16.8,46.1,64.9
23.7,17.9,6.15,67.3,11,21.3,40,621,17.6,41,37.9
32.8,18.4,28.6,34,30.2,78.4,131,1540,12.6,40.3,62.6
42.2,24.4,3.08,127,26.2,28.4,35.2,573,15,26.9,36.5
49.1,36.5,27.1,25,15,44.5,86.6,1382,15.3,48.3,61.5
31.6,22.3,1,160,17.3,29.4,67.3,1395,40.7,90.6,149
38.2,17.2,35.2,55.2,8.2,4.7,12.9,710,15.7,21.3,13.5
18.8,16.5,4.1,61.5,8.98,77.7,143,2288,23.5,65.5,55.2
39.2,16.8,25.3,253,71,17.3,47,400,10.6,47,42.9
23.1,13.9,6.44,229,32.5,15.3,25.9,538,10.1,40.3,26.7
52.8,58.8,3.37,11.5,6.85,11.9,30.5,784,14.3,36.8,40.3
38.9,27.6,1,167,21.9,36.8,54.2,514,13.7,23.5,35.5
49.1,41.4,6.38,51.9,25,79.9,163,2017,6.49,29.4,13.9
58.8,50,16.3,31.1,36.5,58.8,132,2054,1,99.1,5.42
108,150,21.7,25,4.96,7.64,18.1,1027,12.2,33.4,27.4
99.1,67.9,8.35,2.69,13.7,37.2,112,2642,9.22,25.3,27.4
31.1,21.1,23.5,29.7,6.15,33.1,48.7,594,7.7,22.7,25
24.8,18.8,1.27,109,15.4,14.2,31.9,505,8.51,11,30.8
38.5,20.2,17.3,19.5,10.7,20.4,44.9,583,10,26.7,29.2
94.7,63.2,15,12.5,3.49,123,248,2414,5.38,21.5,21.1
28.1,18.9,23.1,34.6,6.15,45.7,91.4,2436,9.06,28.9,29.7
113,79.1,40,36.2,15.4,46.6,99.1,1395,10.7,22.5,25
25.9,33.4,7.64,382,114,16.3,17.6,461,12,35.9,33.7
26.7,33.4,6.61,176,21.7,112,262,3924,10.5,17.3,34.9
26.4,10.8,13.7,29.2,14.9,2.21,13.9,202,40.3,72.3,100
26.7,19.6,9.91,6.98,16.3,31.9,75,2054,22.9,40.3,36.2
39.6,30.5,9.06,49.6,13.5,6.21,6.38,193,56.2,117,167
102,83.5,4.78,97.3,10,12.1,35.5,542,35.2,96.5,119
50.5,23.5,6.38,22.1,4.87,12.4,48.3,466,7.43,22.7,1.57
35.5,32.8,1,173,21.3,15.8,29.2,557,20.9,37.9,47.4
72.3,44.9,13.9,14.7,9.73,55.7,151,723,12.7,34.6,31.6
43.3,42.9,7.43,15.5,10.2,19.3,71,1009,10.8,30.8,32.8
26.4,12.7,7.64,118,17.3,19.8,36.8,1322,66.7,82.8,18.6
70.4,40.7,10.1,21.3,18.6,155,331,5474,17.2,37.9,48.3
52.8,31.6,35.2,19.5,13.3,9.82,24.4,583,39.2,89,106
17.9,18.9,8.43,12.5,1.26,7.84,18.9,737,14.6,16,10.6
11.1,12.5,8.06,28.6,6.04,4.33,18.6,851,9.82,24.4,5.78
48.7,37.5,21.7,28.4,10.1,17.9,29.7,667,9.91,36.8,23.9
22.7,16,8.06,73,15.8,7.91,20.9,449,11.2,15.4,38.5
34,26.4,7.5,33.7,5.83,85.1,198,3134,9.91,19.3,18.1
30.2,22.1,10.9,142,36.2,14.5,27.6,621,20.4,36.5,56.7
40,27.6,3.13,113,28.6,15.1,22.3,487,12.2,32.8,66.1
30,23.7,107,632,146,4.83,15.1,466,13.8,38.2,42.9
16.4,13.7,5.09,63.2,1,137,235,2788,10.8,24.8,30.2
85.8,61,21.7,12.4,10.6,18.8,24.6,723,11.7,35.9,47.4
22.7,20.5,6.67,12.3,1,14.3,44.5,257,16.3,29.7,36.8
31.1,30.5,3.65,78.4,13.7,14.1,23.1,500,11.1,25.5,19.8
34.3,23.1,10.7,8.98,2.53,43.7,79.9,1715,25.7,51.9,79.9
27.4,13.5,12.5,19.3,11.8,13.6,24.6,343,5.33,12.5,7.64
79.1,58.3,5.19,11.7,7.7,24.6,42.6,368,11.2,23.3,27.4
92.2,75.7,3,69.2,17.6,31.9,48.3,610,77.7,109,4.41
16,16,14.7,362,79.9,69.8,102,1275,85.8,120,33.7
106,75,4.18,110,16,55.7,87.4,914,16,31.6,23.7
26.9,24.8,1.2,196,20.9,81.3,157,1946,11.4,42.6,42.6
29.4,20.4,5.47,6.38,6.21,26.4,53.3,757,8.58,17,15.4
80.6,58.8,25.3,40,10.5,20.5,23.3,698,2.97,26.4,23.1
104,89,1,176,5,40.7,62.1,1554,12.4,29.2,33.1
31.9,24.8,1.38,2.81,843,8.74,35.2,365,8.66,20.7,20.5
35.2,28.1,19.1,355,75,36.8,52.8,1286,10.8,25.3,16.8
33.4,21.5,6.98,75.7,26.2,29.7,146,2916,11.4,27.1,56.2
32.8,31.1,50.9,59.4,21.5,3.43,13.3,316,11.9,30.5,31.1
138,41,4.1,12.9,3.4,41.4,63.8,445,14.6,31.9,30.5
27.9,29.4,2.41,69.2,16.4,43.3,78.4,573,5.33,34.9,29.7
124,87.4,8.66,9.91,8.43,29.4,46.1,426,8.28,29.7,12.3
30.2,14.7,4.78,6.49,4.87,16.1,18.4,552,12.1,21.1,24.8
64.4,52.8,7.64,15,4.29,38.9,76.4,1486,25.3,53.8,77
60.4,48.7,21.5,27.9,8.66,12.4,59.9,710,11.8,32.2,23.5
47.8,36.2,20.4,30.2,16.1,11.8,22.1,400,11.9,19.1,28.1
44.1,34,2.86,146,25.3,85.1,118,547,7.04,20.5,30.8
28.4,16.8,7.7,8.2,9.82,12.5,28.1,770,10.3,13.6,27.9
27.4,20.4,20.5,17.3,10.7,61,137,965,10.2,34.6,46.6
30,17.8,32.8,32.8,1,56.2,105,2308,2.86,8.66,13.6
57.3,41.4,16.8,22.5,13.3,6.49,52.8,225,7.43,16.8,12.7
32.2,42.6,2.76,8.28,6.73,50.9,88.2,2267,12.2,22.9,20.2
25.7,42.9,5.47,48.7,14.6,9.47,34.9,461,19.6,50,50.5
37.2,20.2,13.8,26.9,9.22,30,41.4,437,12.3,24.1,28.1
34.6,36.8,17.2,22.7,10.6,41,79.1,1582,24.8,64.9,117
80.6,70.4,9.65,21.5,16.8,46.1,100,1928,10.5,22.9,27.1
24.8,17.3,40.7,209,49.1,69.8,124,1433,12.7,29.4,27.4
7.84,12.7,29.4,22.3,7.37,10,24.4,644,9.73,31.6,32.2
25.7,18.8,20.9,19.1,1.68,170,289,3995,8.58,13.9,1.32
22.9,26.7,17.9,20.5,26.2,21.5,52.3,1197,11.7,31.3,28.4
28.9,20.7,4.18,87.4,14.2,24.6,49.6,3106,13.9,25.3,14.7
89.8,63.8,35.2,29.7,12.5,209,457,4698,10.6,15.7,27.1
26.7,20.4,1.41,209,21.1,22.3,44.5,445,6.92,29.2,33.7
23.5,25.9,7.37,9.14,5.88,5.38,25.9,322,8.9,47,38.2
28.6,9.14,10.2,13.2,12.7,5.52,8.13,209,3.28,14.1,24.6
66.1,47.8,11,7.43,1,24.8,42.9,770,13.2,20.7,21.7
29.2,17.3,8.66,14.6,7.5,9.65,13.2,379,14.6,26.4,46.6
51.9,39.6,2.41,1,284,60.4,118,1263,5.83,20.4,36.8
62.1,51.4,23.3,15.3,18.8,3.25,7.77,98.2,9.06,19.8,25.9
45.7,38.5,9.91,10.8,6.49,15.7,45.7,750,13.2,16.8,24.1
12.7,25.3,19.5,14.6,6.73,87.4,120,973,13,40.7,40
21.9,38.2,1.86,175,12.6,67.9,137,1611,6.04,24.4,40.3
38.9,23.9,1.43,138,17,8.58,16.1,343,8.06,28.9,12.1
23.9,27.1,15.1,24.8,7.3,7.77,23.1,433,12.1,22.1,42.9
32.2,20.9,37.5,29.4,21.1,23.3,35.9,661,5.57,14.3,28.9
56.7,46.6,22.1,18.9,12.5,24.8,45.3,325,22.3,64.4,82.8
14.1,12.9,12.1,77.7,17.6,11.1,31.9,594,21.1,44.1,63.2
21.7,29.4,5.78,7.91,6.98,40.7,110,2035,7.99,27.9,34.3
36.5,14.2,1.51,107,29.2,1.6,9.65,552,9.91,17.5,31.6
16.3,13.6,6.98,4.1,11.2,24.6,26.4,407,191,269,50.9
45.3,34.3,5.83,87.4,26.4,10.2,32.2,433,42.2,84.3,80.6
173,89.8,23.3,42.2,1.76,12.1,49.1,519,28.4,61.5,96.5
19.6,30.5,4.66,56.7,10.5,49.1,73,1334,11.5,21.1,27.9
35.2,15.8,1,122,7.43,85.1,154,2167,7.57,22.5,16.5
11.1,2.02,29.7,20.5,21.7,13.3,26.7,483,11.9,25.9,25.5
34.3,21.3,8.74,124,11.8,10.3,23.9,449,15.8,41.4,36.8
57.3,38.5,41,34,19.1,13.7,79.9,1055,10.1,32.5,34.3
12.2,17.6,10.6,48.3,12.5,4.96,13.1,799,10.6,20.2,20.9
26.2,19.8,10,20.2,9.65,11.9,24.1,594,6.61,13.2,38.9
20.2,14.3,9.31,11.3,5.62,54.2,74.3,1625,8.28,26.7,17.3
34.6,22.7,3.43,142,23.7,17,31.9,500,10.6,35.5,40
82.8,57.3,7.3,104,14.1,23.5,34.6,649,5.19,22.3,44.1
32.2,19.3,10.1,9.31,1.7,21.7,34.9,331,6.32,31.3,31.1
31.3,28.1,7.57,9.06,14.6,26.9,33.4,349,6.73,10.7,7.23
30.8,14.5,9.56,8.66,12,102,244,5989,12,26.2,26.7
33.4,33.4,3.89,73,4.91,15.5,19.1,382,35.2,79.9,142
46.6,37.5,17,19.8,5.83,55.7,154,4142,9.47,27.1,41.4
40,21.7,3,109,5.38,20.2,55.2,922,14.5,36.8,33.4
101,69.8,19.8,16.7,21.7,54.2,118,1877,10.8,28.1,23.1
15.4,18.6,6.92,15.5,13.3,3.96,7.77,737,14.9,44.1,63.2
38.9,27.9,5.62,14.6,10.8,45.3,120,1778,3.11,9.65,4.57
22.1,21.3,5.99,9.47,8.9,22.5,60.4,1715,12.7,34.6,39.2
120,98.2,3.02,104,20.7,35.2,60.4,1298,13.6,37.2,30.2
30,25.3,8.9,12.9,8.74,13.8,34,638,9.22,28.6,17.9
34,18.1,7.77,8.98,6.15,106,253,3134,10.9,17.5,27.1
59.9,49.1,7.64,5.73,10.6,44.5,103,1794,7.99,19.1,25
42.2,37.5,6.85,11.1,1.01,36.5,57.3,828,11.3,31.3,28.4
76.4,41.4,14.5,11.5,14.6,8.74,40.3,362,62.6,163,163
26.4,15.1,7.91,10.7,3.22,14.5,79.1,791,14.2,43.7,44.9
20.2,20.5,7.91,229,34.9,103,186,2690,10.8,28.4,32.5
22.1,25,7.43,8.43,4.96,14.1,38.5,385,13.8,27.9,35.9
4.45,15.5,10.3,11.5,12.4,55.2,103,2738,10.9,23.1,21.9
37.9,26.7,20,19.5,15.8,47.8,76.4,1000,9.22,20.4,27.4
35.5,20.9,10.2,61.5,28.9,53.3,93.1,1134,15.7,45.3,54.2
18.1,24.6,27.6,32.2,20.4,13,28.4,750,7.5,11.9,44.5
59.4,39.6,3.31,122,18.6,7.7,8.06,274,10.1,20.7,23.3
13.9,15.4,6.92,55.2,15.7,50.9,78.4,441,12.7,21.1,36.2
29.7,25.7,8.13,10.6,10.1,67.9,138,1762,8.2,25.7,17.9
86.6,24.6,2.81,100,17.8,17,24.1,552,19.6,54.7,59.4
31.3,18.4,25.9,17.5,10.2,39.6,73.7,1685,11.3,19.5,14.5
89.8,59.9,10.1,9.22,1.93,17.2,37.5,533,30.5,70.4,82.8
14.5,12.1,13.8,552,85.8,11.9,26.4,594,17.6,38.5,47.8
11.9,28.1,8.58,7.64,4.41,24.4,42.9,274,11.1,22.5,43.3
34.3,35.2,4.7,110,15.8,12.1,16.8,328,5.47,16.4,23.9
9.82,4.41,1.38,108,12.6,23.1,52.8,483,11.5,25.3,37.2
24.4,27.1,3.05,62.1,8.66,23.7,46.1,991,18.3,36.5,44.9
23.3,16.7,5.14,141,15.5,15.1,32.2,259,5.19,40,40.3
26.9,20.4,10.6,604,56.7,8.66,18.1,487,9.31,25.5,18.8
43.7,28.4,11.2,14.7,13.5,11.1,22.7,457,12.9,26.9,31.9
37.5,24.4,10.8,17.2,13.1,58.3,84.3,982,10.6,23.7,35.2
35.5,25.5,56.7,457,101,30.2,50.9,429,7.99,13,9.73
35.9,26.2,9.65,10.6,3.75,51.4,133,2548,12,16.5,28.1
28.9,19.6,31.6,104,29.4,18.9,26.9,743,9.91,20.9,19.6
95.6,57.3,60.4,57.3,62.1,34.3,61.5,547,10.9,31.9,21.7
25.3,9.91,7.1,47.8,11.7,11.3,22.9,644,11,45.3,30
23.7,23.5,12.9,331,53.8,75.7,133,2890,15.7,42.6,54.7
73,74.3,11.8,20.2,15,59.4,72.3,667,4.45,17.6,17.8
14.5,21.3,28.9,32.5,16.4,62.6,106,1778,10.4,22.1,29.7
51.9,24.8,5.62,81.3,16.3,24.4,54.2,2017,8.51,14.9,34.3
32.8,25.9,9.14,9.06,4.29,150,276,2414,41,93.1,86.6
34.6,21.1,55.7,123,115,104,153,2393,23.5,47.8,62.6
113,82,11,15.5,14.2,109,215,3889,9.82,23.5,17
35.5,34.3,5.67,153,30,16,27.1,422,14.9,22.7,41
64.9,41.8,34,221,56.2,27.6,50.9,757,10.6,17.2,42.2
28.9,28.1,29.7,17.6,20.5,6.98,38.2,334,11.7,20.5,17.5
69.8,65.5,7.17,4.03,17,154,382,6208,47.8,97.3,179
135,85.1,6.04,87.4,15.3,19.8,40.3,1009,38.5,77,91.4
63.8,61,7.1,6.61,3.68,12.5,25.9,437,8.82,27.4,23.3
27.6,21.7,6.15,25.9,11.3,82.8,132,1762,5.23,12.6,19.6
46.1,22.7,6.79,104,25.9,13.2,43.3,396,7.84,38.9,41.8
191,189,12.1,46.6,4.03,133,221,1999,54.2,100,95.6
44.9,36.8,3.59,9.14,4.03,13.1,26.9,461,8.06,13.9,28.9
145,139,7.99,25,14.6,39.2,48.3,457,15.3,38.9,44.1
31.3,23.1,10.5,10.7,4.49,121,200,3308,18.4,40.3,47.4
43.7,55.2,17.3,16.8,10.9,33.7,56.7,956,8.58,12.2,36.5
89,58.8,8.06,34.6,7.64,12.6,15.1,418,13.6,35.9,24.6
38.2,15.8,1,160,13.6,29.2,51.4,457,13.1,32.5,17
28.4,20,7.23,57.3,16.5,20.4,125,3220,8.28,29.2,33.7
21.9,13.1,8.98,11.8,7.37,106,195,2017,10.3,26.9,38.9
44.9,31.3,5.88,71.7,19.8,160,264,2329,7.84,23.7,39.6
29.2,2.27,3.65,115,20.5,15,37.9,882,9.56,34.9,30.2
31.9,18.6,10.6,22.5,13,16.1,31.6,610,17.2,32.5,41.8
85.8,45.3,38.9,127,22.3,4.91,5.05,124,8.98,22.9,38.5
39.6,25.3,6.79,30,5.73,7.04,25.5,267,9.82,17.3,20.4
10.2,16.8,14.9,20.5,6.49,73,120,1486,19.8,50.9,73.7
42.6,40,37.9,84.3,12.7,52.8,64.4,300,13.2,37.9,31.9
72.3,48.3,4.41,13.1,8.9,12.4,25.9,578,7.23,21.5,25
119,78.4,1.58,73.7,13.8,15.5,38.2,679,11.7,18.8,36.8
22.9,16.8,7.23,6.49,14.1,29.7,77.7,1670,11.3,24.1,36.2
37.2,29.2,1.17,188,23.3,22.5,37.2,874,31.9,96.5,90.6
48.7,29.7,29.4,19.5,31.1,23.5,53.3,583,12.9,26.4,21.7
117,91.4,19.5,25.3,8.35,15.1,41.8,843,11,27.9,50.9
20.5,12.5,8.58,8.98,6.79,54.2,75,710,10.6,27.1,48.3
54.2,44.1,7.57,13.9,12.9,30.8,60.4,704,19.8,58.3,90.6
37.9,37.9,8.74,4.29,7.7,6.21,32.5,365,13.6,25.9,49.1
41,23.1,15.7,16.1,22.3,26.9,80.6,2072,17.3,46.6,51.4
66.7,49.1,1.09,113,20.4,30.5,47.8,328,14.3,50.5,67.9
23.7,20,6.1,15.7,9.91,92.2,165,1700,8.13,27.1,25.9
79.9,52.8,8.06,12.5,9.14,24.6,29.4,396,17.2,35.2,30.8
30.5,16.7,5.47,104,8.2,30.8,45.3,400,9.65,21.5,29.2
66.1,46.1,4.96,14.1,1.12,15.8,26.9,1230,9.91,26.4,39.2
141,107,20.2,31.9,13.9,69.2,114,2329,9.22,27.1,9.65
30.5,21.7,7.64,10.6,7.1,59.9,99.1,1144,21.7,53.3,81.3
20,21.9,6.67,365,57.8,18.4,37.9,835,19.1,43.7,48.7
52.8,34.6,11.1,13.2,5.99,87.4,170,2503,5.33,11.1,7.5
22.9,18.3,7.3,8.43,1,20,40,359,1.42,2.35,1.42
25.9,24.6,5.88,29.2,2.17,12.2,23.1,500,5.05,16.4,21.7
15.8,25.5,4.87,9.56,5.28,12.1,26.9,599,58.3,135,34.9
75,51.9,4.53,14.6,5.67,6.67,19.3,325,13.8,26.2,56.2
28.1,27.6,2.81,95.6,15.4,19.5,33.7,286,13.5,27.9,32.5
38.2,25.9,5.47,11.1,1.89,14.6,35.5,743,6.1,20.9,57.3
28.6,10.6,15.4,23.9,15.5,68.5,135,2350,3.68,118,9.31
103,115,7.04,68.5,8.13,38.9,72.3,1094,5.52,19.1,15
26.7,23.1,4.7,10.2,3.68,35.5,57.3,491,12.3,36.5,34.3
30,18.1,2.97,109,34.3,8.82,13.3,355,7.5,9.22,5.23
79.1,63.8,9.22,13.6,10.5,31.6,52.3,1252,15.3,18.3,39.2
28.6,18.8,1.54,122,20.9,5.28,22.3,806,44.5,91.4,114
26.7,19.3,22.7,21.5,12.1,8.82,12.1,188,47.4,131,241
52.3,32.5,9.22,8.66,19.5,47,89.8,1230,9.06,40,44.1
25.5,16.1,21.5,30.5,28.1,5.67,10.7,178,9.47,41.4,46.1
23.7,22.3,28.1,40.3,24.1,32.5,49.6,621,12.1,31.9,32.2
69.2,47.8,9.14,10.6,19.3,7.64,29.7,2393,58.8,138,146
27.4,20.9,24.1,33.4,13.2,186,289,1512,56.2,132,149
23.1,13.3,5.57,8.43,9.22,95.6,168,1640,6.92,30.2,40.7
45.7,23.7,11,6.61,1,19.3,32.2,286,13.9,34,37.5
29.2,17.8,4.26,105,13.6,123,281,3786,33.4,77.7,102
124,87.4,34,352,80.6,28.4,46.6,519,14.9,40,55.7
34.3,47.4,8.66,6.04,14.2,37.2,69.2,799,70.4,189,311
30.5,18.9,7.23,8.82,16.1,7.91,30.8,359,34.3,84.3,81.3
26.9,21.3,7.84,6.26,3.82,21.9,33.7,562,29.2,61,58.3
23.5,10.3,50,403,102,5.47,9.91,158,10.7,34.6,36.2
15.8,22.3,4.78,135,20,40.3,59.4,426,9.47,26.9,33.7
98.2,92.2,2.59,64.9,1.91,63.8,120,1459,12.4,33.4,38.5
9.31,20,4.45,262,46.1,36.5,61,1358,11.5,37.5,37.5
48.3,38.2,5.78,7.64,5.19,21.1,64.9,1472,18.3,41.4,50.9
54.7,41.8,2.62,53.3,5,20.7,26.9,583,20.4,47.8,56.7
35.9,32.8,5.47,74.3,20.2,13.1,56.7,509,15.4,52.3,59.9
45.3,32.2,6.1,75,21.5,23.7,26.9,679,13.2,25.7,20.4
17.8,21.1,11.5,7.64,13.7,12.7,11.5,509,10.6,13.5,13.2
57.8,36.5,3.4,27.1,8.2,41,56.7,349,12,36.2,40.7
85.1,50,115,101,30,7.17,31.9,334,45.3,123,165
25,22.3,6.26,5.83,5.38,46.1,85.1,1715,37.9,103,129
33.1,18.4,31.3,36.5,28.9,84.3,241,4656,14.7,32.8,45.7
55.2,34.3,4.91,46.1,7.64,19.6,42.6,382,12.1,31.6,47
35.5,32.8,19.6,17.2,1.76,9.47,23.5,418,37.5,106,271
36.8,18.4,23.7,264,42.2,8.98,23.1,355,13.9,20.4,23.5
73.7,48.7,8.06,13.2,13.9,32.5,49.1,433,35.5,81.3,74.3
38.2,15.4,4.29,7.43,6.26,16.4,52.8,1027,10.8,20.7,18.9
30,15.7,10.4,13.3,14.1,7.64,42.9,198,13,37.9,59.9
63.2,50,14.2,19.5,18.8,48.7,72.3,1252,10.5,24.8,21.7
31.6,19.8,20.7,44.9,14.1,56.2,110,1596,7.64,28.6,40
14.3,15.8,2.33,89,16.4,13.1,22.9,496,14.5,28.9,38.5
29.7,20.2,25.3,34.6,5.94,11.4,25,673,8.58,16.1,22.9
23.5,14.7,6.04,8.82,6.49,9.65,25.7,407,41.8,95.6,186
41.4,26.4,13.2,14.3,1.86,11.3,13.2,328,9.73,18.9,39.6
37.5,23.7,5.99,25.5,8.43,49.6,79.9,2329,9.91,25.5,16.3
29.4,26.2,1.15,23.5,7.43,22.7,30.5,632,8.66,28.6,56.7
72.3,42.6,21.9,26.9,12,21.3,31.6,453,12.2,38.9,64.4
27.1,15.5,5.47,6.55,10.6,23.7,58.3,644,8.06,25.3,23.3
3.75,12.3,7.84,7.3,9.22,8.66,49.6,276,11.4,36.5,46.1
28.4,23.7,14.5,23.9,12.1,26.2,103,1219,17.6,31.9,51.9
110,72.3,26.4,193,47.8,18.4,32.8,644,1,10.5,7.1
24.8,12,2.55,96.5,20.2,25.3,64.4,1715,54.7,136,141
107,40.3,11.3,311,58.8,24.6,47.8,573,13,25.3,40.7
10.4,10.6,10.7,12.5,5.57,14.7,34,621,11.5,30.5,33.4
30,35.2,6.79,6.98,1,9.47,10.9,269,8.2,25.7,34.9
123,73,6.98,9.06,1,61,94.7,1252,10.6,17.2,46.6
